address,city,email,firstName,gender,id,lastName,state,zip
0 Packers Place,Rochester,anapoleon1c@imgur.com,Alexandros,MALE,49,Napoleon,New York,14652
4732 Bultman Street,Washington,kmcavincheyge@squidoo.com,Kenyon,FEMALE,591,McAvinchey,District of Columbia,20380
74871 Holy Cross Alley,Washington,akainzi0@naver.com,Annis,FEMALE,649,Kainz,District of Columbia,20540
63901 Eliot Plaza,Gadsden,ltribellfe@newsvine.com,Lorin,MALE,555,Tribell,Alabama,35905
3 Becker Avenue,Philadelphia,jheitz4o@tiny.cc,Jamison,FEMALE,169,Heitz,Pennsylvania,19104
60 Badeau Plaza,Boca Raton,bseinjc@livejournal.com,Brigit,MALE,697,Sein,Florida,33432
89 Holy Cross Plaza,Grand Rapids,serikoh@berkeley.edu,Stacy,MALE,882,Erik,Michigan,49510
114 Killdeer Avenue,Boise,rreardenbf@wufoo.com,Reamonn,MALE,412,Rearden,Idaho,83716
1978 Ruskin Way,Dallas,erhule9e@samsung.com,Elenore,MALE,339,Rhule,Texas,75231
69304 Chive Parkway,Pompano Beach,kstonehousec9@marketwatch.com,Karoly,FEMALE,442,Stonehouse,Florida,33069
54450 Katie Trail,Honolulu,ahardinjk@usgs.gov,Anna-diane,MALE,705,Hardin,Hawaii,96850
3 7th Lane,Philadelphia,bgosfordpk@theguardian.com,Bonny,MALE,921,Gosford,Pennsylvania,19151
02 Boyd Place,Oakland,kgardener9n@godaddy.com,Kilian,MALE,348,Gardener,California,94611
66207 Grayhawk Terrace,Greensboro,fjerminoj@forbes.com,Fionnula,FEMALE,884,Jermin,North Carolina,27499
3 Burrows Junction,Boise,cburlandh1@mit.edu,Claybourne,FEMALE,614,Burland,Idaho,83732
0 Marquette Court,Austin,crichardinlg@economist.com,Cleavland,FEMALE,773,Richardin,Texas,78749
847 1st Park,Syracuse,pspreadgz@ucla.edu,Pavla,MALE,612,Spread,New York,13224
0 Longview Terrace,Fayetteville,gaynoldia@umich.edu,Grantley,FEMALE,659,Aynold,North Carolina,28305
5 Vermont Pass,Indianapolis,skinnettmg@opera.com,Sapphira,MALE,809,Kinnett,Indiana,46295
37677 Glendale Road,Irving,lvagg8a@networkadvertising.org,Lonnard,MALE,299,Vagg,Texas,75062
2348 Gerald Pass,Bloomington,ffretwelle7@baidu.com,Florry,MALE,512,Fretwell,Illinois,61709
9 Dawn Street,Indianapolis,garpurjt@theguardian.com,Gerri,MALE,714,Arpur,Indiana,46216
60775 Hayes Junction,Seattle,dgrigolonz@usda.gov,Daisy,MALE,36,Grigolon,Washington,98109
3 Helena Court,Oklahoma City,jstudman1o@google.it,Johannes,MALE,61,Studman,Oklahoma,73129
907 Blackbird Way,Fort Lauderdale,qbendon50@baidu.com,Quinlan,FEMALE,181,Bendon,Florida,33325
55 Cambridge Court,Topeka,cbeckham80@ow.ly,Caron,MALE,289,Beckham,Kansas,66606
653 Mayer Alley,Houston,proubay8v@photobucket.com,Phebe,FEMALE,320,Roubay,Texas,77040
2 Corscot Trail,Lafayette,lpettiward7s@skype.com,Lizabeth,MALE,281,Pettiward,Louisiana,70505
759 Declaration Hill,Maple Plain,etomalahy@addthis.com,Emilia,FEMALE,647,Tomala,Minnesota,55572
09000 Sugar Point,Madison,efeldbau5@noaa.gov,Emelina,MALE,6,Feldbau,Wisconsin,53790
452 Surrey Avenue,Pittsburgh,eklosser3c@discovery.com,Ellerey,FEMALE,121,Klosser,Pennsylvania,15279
3036 Bartelt Way,Brooklyn,ealleburton9t@tmall.com,Emmye,MALE,354,Alleburton,New York,11215
89 Village Way,Columbus,hattiwillh2@aboutads.info,Heinrik,MALE,615,Attiwill,Georgia,31998
04005 Parkside Alley,Rochester,lrigbyee0@mozilla.com,Leone,FEMALE,505,Rigbye,New York,14624
144 Village Hill,Phoenix,mmollonm@cafepress.com,Morissa,MALE,23,Mollon,Arizona,85067
88295 Tennyson Court,Montgomery,tboddie3h@noaa.gov,Tyne,FEMALE,126,Boddie,Alabama,36114
52 Briar Crest Trail,Oklahoma City,btireiq@nymag.com,Benedicto,MALE,675,Tire,Oklahoma,73173
1980 5th Center,Zephyrhills,ilamploughoi@sohu.com,Irina,FEMALE,883,Lamplough,Florida,33543
561 Arapahoe Point,Rochester,bboriston9a@biblegateway.com,Bradney,MALE,335,Boriston,New York,14646
5 Graedel Avenue,Saint Louis,bstolberger1a@posterous.com,Berkie,FEMALE,47,Stolberger,Missouri,63180
5629 Sommers Crossing,Glendale,jmoultbd@clickbank.net,Janey,FEMALE,410,Moult,California,91205
318 Sage Point,Torrance,asolomonides7e@webmd.com,Ahmed,FEMALE,267,Solomonides,California,90510
717 Corben Point,Akron,kviscovi9r@bloglovin.com,Kristo,MALE,352,Viscovi,Ohio,44310
0977 Acker Pass,Washington,jshimmansfu@cbslocal.com,Jillene,FEMALE,571,Shimmans,District of Columbia,20470
2776 Mandrake Place,Winston Salem,bleacy64@ft.com,Budd,FEMALE,221,Leacy,North Carolina,27150
8720 Mendota Court,Houston,dsavaageqq@hostgator.com,Dyanna,MALE,963,Savaage,Texas,77240
7 Fulton Park,Oklahoma City,dcardenas8k@ft.com,Dorri,MALE,309,Cardenas,Oklahoma,73197
0 Comanche Center,Houston,madlam6c@howstuffworks.com,Mildred,MALE,229,Adlam,Texas,77250
75 Southridge Point,Raleigh,nravenscrofttqu@alibaba.com,Noami,MALE,967,Ravenscroftt,North Carolina,27690
858 Forest Run Street,Chicago,aharmsrh@slashdot.org,Alfy,MALE,990,Harms,Illinois,60669
88 Sauthoff Place,Youngstown,ngalpency@jalbum.net,Noemi,FEMALE,467,Galpen,Ohio,44511
09 Heffernan Hill,Los Angeles,cbaudouxc4@edublogs.org,Charley,FEMALE,437,Baudoux,California,90055
19 Shasta Terrace,Houston,sfullerloveeo@opera.com,Stevie,FEMALE,529,Fullerlove,Texas,77288
8574 Ridgeway Way,Austin,cpavlitschek90@chicagotribune.com,Coraline,FEMALE,325,Pavlitschek,Texas,78769
45 Bellgrove Trail,Syracuse,lsainthillbj@forbes.com,Lorrie,MALE,416,Sainthill,New York,13251
6 Center Center,Oakland,rketley49@unblog.fr,Rheba,FEMALE,154,Ketley,California,94627
7 Washington Parkway,San Diego,dawty68@reference.com,Demott,FEMALE,225,Awty,California,92165
602 Pearson Circle,Houston,tborrows4f@huffingtonpost.com,Thea,MALE,160,Borrows,Texas,77055
0838 Caliangt Junction,Atlanta,jgoodnowhq@webs.com,Jillane,MALE,639,Goodnow,Georgia,31106
39 Clemons Hill,Spartanburg,stremain79@epa.gov,Sibbie,MALE,262,Tremain,South Carolina,29305
30724 Melvin Street,Newark,joliveto85@nytimes.com,Jackqueline,MALE,294,Oliveto,New Jersey,7112
7662 Michigan Street,Merrifield,mdelieuqv@sitemeter.com,Myrtice,MALE,968,Delieu,Virginia,22119
14310 Fair Oaks Lane,Lincoln,dpatronefh@unesco.org,Daniella,FEMALE,558,Patrone,Nebraska,68524
90 Kingsford Crossing,Cincinnati,vbroadfootfo@parallels.com,Virginia,MALE,565,Broadfoot,Ohio,45264
37617 Sullivan Avenue,Sparks,fwonfari3@paginegialle.it,Filide,FEMALE,652,Wonfar,Nevada,89436
2394 Walton Place,San Jose,josheerinki@hugedomains.com,Jillie,MALE,739,O'Sheerin,California,95155
8 American Ash Plaza,Salt Lake City,mmendenhalley@feedburner.com,Minni,FEMALE,539,Mendenhall,Utah,84115
78 Hudson Plaza,Knoxville,lpetcherq6@usnews.com,Lory,MALE,943,Petcher,Tennessee,37914
5030 Melby Junction,Vienna,ecostard4n@joomla.org,Ermengarde,FEMALE,168,Costard,Virginia,22184
60 Northport Pass,Atlanta,njanikoa@posterous.com,Nola,MALE,875,Janik,Georgia,30351
952 Oakridge Avenue,New York City,ctabbernorgd@flavors.me,Cassy,FEMALE,590,Tabbernor,New York,10292
87893 Novick Terrace,Seattle,bbulmera8@flavors.me,Bellanca,FEMALE,369,Bulmer,Washington,98158
7 Trailsway Pass,Portland,bgimertli@dagondesign.com,Bobby,MALE,775,Gimert,Oregon,97240
7212 Morrow Junction,Gatesville,coganesianfl@berkeley.edu,Cristy,FEMALE,562,Oganesian,Texas,76598
449 Division Trail,Birmingham,dmosedale4v@naver.com,Dean,MALE,176,Mosedale,Alabama,35220
1318 Mcbride Terrace,Garland,aalloisin5@google.co.jp,Alexandra,MALE,834,Alloisi,Texas,75044
78 Rieder Road,Tampa,hfluit30@state.gov,Halli,FEMALE,109,Fluit,Florida,33686
44 Lakewood Road,Ogden,dbraxton54@chicagotribune.com,Darsie,MALE,185,Braxton,Utah,84403
7356 Schmedeman Circle,Louisville,bgolthorppac@adobe.com,Benton,MALE,373,Golthorpp,Kentucky,40280
1798 Corry Circle,Dallas,sfilipsonkg@technorati.com,Sherill,MALE,737,Filipson,Texas,75277
08274 Kenwood Hill,Pensacola,sbuckjy@hp.com,Sterne,FEMALE,719,Buck,Florida,32590
3712 Brickson Park Parkway,Sacramento,hfendlowem@ed.gov,Hattie,MALE,527,Fendlow,California,94207
08914 David Crossing,Jacksonville,ddoody56@vistaprint.com,Dorise,MALE,187,Doody,Florida,32225
6 Moland Place,Durham,pgallaherch@sun.com,Patty,FEMALE,450,Gallaher,North Carolina,27710
218 Grasskamp Circle,Riverside,gpiddletown7l@sfgate.com,Gerda,MALE,274,Piddletown,California,92519
413 Bobwhite Park,Wichita,cbusekby@hc360.com,Catha,MALE,431,Busek,Kansas,67220
67 Heffernan Trail,Minneapolis,mlidgerton6r@360.cn,Manolo,FEMALE,244,Lidgerton,Minnesota,55407
7 Graceland Hill,Charleston,bsayes2b@goodreads.com,Berkeley,MALE,84,Sayes,West Virginia,25356
61 Graceland Place,New York City,dtregenna7m@privacy.gov.au,Drucill,MALE,275,Tregenna,New York,10175
6407 Village Park,Nashville,hfortuneko@state.gov,Helena,MALE,745,Fortune,Tennessee,37250
9390 Waywood Lane,Boston,mbewfieldeh@youtube.com,Monroe,FEMALE,522,Bewfield,Massachusetts,2163
95338 Fremont Lane,Atlanta,ttapplyh@furl.net,Tamara,MALE,18,Tapply,Georgia,31136
06836 Fuller Point,San Francisco,ctuttnq@163.com,Chev,FEMALE,855,Tutt,California,94159
8 Brown Hill,Pasadena,sekebs@goo.ne.jp,Shurlocke,FEMALE,425,Eke,California,91125
072 5th Point,Portland,lboarav@addthis.com,Lucinda,FEMALE,392,Boar,Oregon,97296
548 Mifflin Terrace,Birmingham,sbennelle2@senate.gov,Sherm,MALE,507,Bennell,Alabama,35231
28 Westerfield Trail,Akron,nstrodderp6@comcast.net,Nanete,FEMALE,907,Strodder,Ohio,44315
643 Bellgrove Hill,Dallas,barkell8d@devhub.com,Bunnie,MALE,302,Arkell,Texas,75210
608 Messerschmidt Circle,Kansas City,ccranke1w@vistaprint.com,Conan,MALE,69,Cranke,Kansas,66160
041 Carey Park,Houston,sjones4@shutterfly.com,Sayres,MALE,5,Jones,Texas,77060
